{"cameraMode":{"drawMode":0,"name":"Shaded","section":"Shading Mode"},"sceneLighting":true,"audioPlay":false,"sceneViewState":{"m_AlwaysRefresh":false,"showFog":true,"showSkybox":true,"showFlares":true,"showImageEffects":true,"showParticleSystems":true,"showVisualEffectGraphs":true,"m_FxEnabled":true},"in2DMode":false,"pivot":{"x":2.2227892875671388,"y":-1.603845238685608,"z":2.2662484645843508},"rotation":{"x":0.036299530416727069,"y":0.012296851724386216,"z":-0.0004348905640654266,"w":0.9992892742156982},"size":2.7143938541412355,"orthographic":false}