{"cameraMode":{"drawMode":0,"name":"Shaded","section":"Shading Mode"},"sceneLighting":false,"audioPlay":false,"sceneViewState":{"m_AlwaysRefresh":false,"showFog":true,"showSkybox":false,"showFlares":true,"showImageEffects":true,"showParticleSystems":true,"showVisualEffectGraphs":true,"m_FxEnabled":true},"in2DMode":false,"pivot":{"x":0.330546498298645,"y":-1.5994588136672974,"z":-11.709124565124512},"rotation":{"x":-0.005440759006887674,"y":0.9911121129989624,"z":-0.12585660815238954,"w":-0.042840760201215747},"size":10.275961875915528,"orthographic":false}